model,r2,mse,rmse,mae,seed_count
random_forest__vae,0.3430106634523401,31.95099752418765,5.652521342214255,3.86831099666377,1
random_forest__h_vae,0.3421763438253634,32.93728022237708,5.739100994265311,3.893038722734605,1
random_forest__hh_vaem,0.3378076678374296,34.41390241223364,5.866336370532603,3.947216834305967,1
random_forest__vanilla,0.335885773996481,33.66656072959209,5.802289266280344,3.9035240216139,1
random_forest__hver,0.3341801325108323,34.39076127899099,5.8643636721293975,3.922852273102873,1
random_forest__hmc_vae,0.331599517919519,35.343052246716546,5.94500229156529,4.034506786662075,1
gbdt__h_vae,0.316749018708335,43.27613562383338,6.578459973567779,4.449246978715388,1
gbdt__hh_vaem,0.314130444619347,41.52371429124928,6.4438896864587365,4.378043629374655,1
gbdt__vanilla,0.3085234598262881,41.8816267191419,6.471601557508149,4.4163322698669685,1
gbdt__hver,0.3071260017747171,41.95622639868435,6.477362611332204,4.387320996377351,1
random_forest__sinkhorn,0.3049073369366452,38.43629617166479,6.199701296971072,4.172294325048707,1
gbdt__hmc_vae,0.3019262663398661,44.76192412287139,6.690435271555312,4.536175166136771,1
gbdt__vae,0.2903300516457738,50.06765946744165,7.075850441285602,4.70610575221841,1
random_forest__mice_iterativeimputer,0.2873518555737424,34.051649293185626,5.83537910449575,4.005677129574718,1
gbdt__sinkhorn,0.2792556623345985,39.71313766892818,6.301836055383238,4.371175805511333,1
random_forest__hyperimpute,0.2664701349570091,31.507344920964726,5.613140379588304,3.8999409563106218,1
random_forest__vae_miwae,0.1788555512089491,32.75787824184312,5.723449854925185,3.985432649561579,1
multioutput_svr__h_vae,0.1034015657202706,72.99708755569426,8.543833305706185,4.744446673426411,1
multioutput_svr__hmc_vae,0.1030376592398008,73.0305457225417,8.545791111567244,4.764658122765549,1
multioutput_svr__hh_vaem,0.1019163444264228,73.08405177987362,8.548921088644672,4.760200130279004,1
multioutput_svr__hver,0.0998604951600264,73.04776391352001,8.546798459863203,4.756127377167423,1
multioutput_svr__vanilla,0.0990223439357069,73.06588853624343,8.547858710591994,4.74506628829466,1
multioutput_svr__vae,0.098127094141637,73.06599630562593,8.547865014471505,4.752502830344136,1
multioutput_svr__sinkhorn,0.0960487595231166,71.71792927447072,8.468643886388818,4.8224574902288575,1
gbdt__knn_based_method_matimputer,0.0910727226186147,45.8068913735042,6.768078853966183,4.745525131749483,1
multitask_gp__hver,0.0767699479914371,89.84591354027371,9.478708432074155,5.095505190329787,1
multitask_gp__hmc_vae,0.0766781427568614,90.42185509513706,9.509040703201194,5.127822988202127,1
multitask_gp__h_vae,0.0759230052055014,90.21763857321562,9.49829661429962,5.103379812670213,1
multitask_gp__vae,0.0753453397680872,90.14329296622172,9.49438217927958,5.103550686606383,1
multitask_gp__vanilla,0.0753087939553916,90.38687197186366,9.507201058769276,5.107526704159575,1
multitask_gp__hh_vaem,0.0748415005704649,90.43352938767325,9.509654535663914,5.123562373308511,1
gbdt__gtmcc,0.0701369127651102,76.24378388590637,8.731768657374426,5.297275003069236,1
gbdt__vae_miwae,0.0400820268568915,50.43118203005966,7.101491535590228,4.7587006056006205,1
multitask_gp__sinkhorn,0.0267199750034929,88.39488132167635,9.401855206376895,5.091916581819149,1
random_forest__knn_based_method_matimputer,0.0048953750061417,48.99071942710897,6.99933707054525,4.701003154647271,1
ridge__hmc_vae,-0.0023220941337042,103.61081577460246,10.178939815845384,5.568009053521276,1
ridge__hh_vaem,-0.0030891252829099,103.53453432033318,10.175192102379846,5.566243817882977,1
ridge__hver,-0.0032515560972889,103.4051937828326,10.168834435805934,5.565015861074468,1
ridge__h_vae,-0.0034617617111003,103.45930558131948,10.171494756490782,5.564148312138298,1
ridge__vae,-0.0037908531118471,103.39434430972167,10.16830095491482,5.563371552457447,1
ridge__vanilla,-0.0043019167045417,103.5446447618545,10.175688908464846,5.563642182351065,1
ridge__sinkhorn,-0.004655131420423,101.66777605788668,10.08304398769968,5.563576417242781,1
multitask_elasticnet__hmc_vae,-0.0068046040183504,105.10627059732948,10.252134928751644,5.592339667882978,1
multioutput_svr__knn_based_method_matimputer,-0.0071290194845313,65.4807697416096,8.09201889157518,5.077328115503376,1
multitask_elasticnet__hh_vaem,-0.0075682061767616,105.03010469694212,10.24841961947998,5.590402329691488,1
multitask_elasticnet__hver,-0.0077424104977925,104.90389226532172,10.242260115097729,5.588920301500001,1
multitask_elasticnet__h_vae,-0.0079506968651967,104.95738545309456,10.244871177964834,5.5879668445851065,1
multitask_elasticnet__vae,-0.0082791554601503,104.89201538218464,10.241680300721391,5.586975430223404,1
multitask_elasticnet__vanilla,-0.0088004614144376,105.0397509264826,10.248890229019072,5.587658456819148,1
multitask_elasticnet__sinkhorn,-0.0092151127527488,103.187690729099,10.158134214957933,5.590354689180847,1
multitask_lasso__hmc_vae,-0.0104982661215742,106.33895085347544,10.31207791153051,5.613158940223405,1
multitask_lasso__hh_vaem,-0.011259178220337,106.2625821714368,10.308374370939232,5.611757718521278,1
multitask_lasso__hver,-0.0114435583738156,106.13899806342891,10.302378272196616,5.611368791925532,1
multitask_lasso__h_vae,-0.0116508088340273,106.19222288938889,10.304961081410683,5.610146646180852,1
multitask_lasso__vae,-0.0119791176687222,106.1262930964142,10.301761650145774,5.6092379296914885,1
multitask_lasso__vanilla,-0.0125075821903447,106.27174431611115,10.30881876434498,5.608642551500001,1
multitask_lasso__sinkhorn,-0.0129788203588611,104.44553752790848,10.219859956374572,5.6118043160051805,1
random_forest__softimpute,-0.0235286119279121,62.751935003957335,7.921611894302657,5.551307265498652,1
multioutput_gp__h_vae,-0.0275279368642774,97.59802260140825,9.879171149514937,5.859139211800734,1
multioutput_gp__vanilla,-0.0282078597633679,97.59041838937672,9.878786281187416,5.858429810710639,1
multioutput_gp__hmc_vae,-0.0282643868287783,97.60071538466906,9.879307434464678,5.876704079510279,1
multioutput_gp__hver,-0.0290224636877506,97.63399641665022,9.88099167172254,5.867049529668094,1
multioutput_gp__hh_vaem,-0.0290528105716431,97.61592999835383,9.880077428763087,5.871690692256335,1
multioutput_gp__vae,-0.0299181866188513,97.63806846495147,9.88119772421094,5.863129344558692,1
multioutput_gp__sinkhorn,-0.0319614558878639,97.65385191403077,9.881996352662288,5.887081767655314,1
gbdt__mice_iterativeimputer,-0.0405186373140092,60.24974333686877,7.762070814986731,5.349895395668146,1
gbdt__hyperimpute,-0.0450057351492856,38.92338585225859,6.238860941891444,4.703169628206194,1
gbdt__softimpute,-0.0466227120067764,56.24451397958845,7.499634256388004,5.429636527337901,1
multioutput_gp__vae_miwae,-0.062581349821627,98.42244427556636,9.920808650284831,6.032985578801611,1
multitask_gp__knn_based_method_matimputer,-0.0656942414190737,80.55543330701819,8.975267868259877,5.091868489393617,1
multioutput_gp__knn_based_method_matimputer,-0.0795989357210913,100.591696371348,10.029541184488352,6.182954972595955,1
ridge__vae_miwae,-0.1043857928020401,98.4525706250552,9.922326875539587,5.671745116308511,1
ridge__mice_iterativeimputer,-0.1081787557562693,98.85397636035778,9.942533699231689,5.915101562732185,1
multitask_elasticnet__vae_miwae,-0.1082858314094021,100.24663180446043,10.012323996178932,5.709412888117021,1
multitask_elasticnet__mice_iterativeimputer,-0.1100098769185083,99.5617507944502,9.978063479175216,5.923573438141909,1
multitask_lasso__mice_iterativeimputer,-0.1113551038052526,100.14504493289893,10.007249618796312,5.9307483277704005,1
multitask_lasso__vae_miwae,-0.111606186726079,101.7541688581175,10.087327141424408,5.741583554606384,1
multioutput_svr__vae_miwae,-0.1148644736516412,78.04489448757553,8.834302150570554,4.921763465082553,1
multitask_gp__vae_miwae,-0.1219797016649645,93.14085621652832,9.650951052436662,5.267080448308511,1
multioutput_gp__knn插补,-0.1529935252979728,99.58825239435302,9.979391383964908,6.243863278726165,1
ridge__hyperimpute,-0.1596648370008882,96.26499252831738,9.811472495416648,5.948367625301993,1
multitask_elasticnet__hyperimpute,-0.1728096959016301,97.98943523470818,9.898961321002734,5.999485147777953,1
ridge__knn_based_method_matimputer,-0.1817723393628606,108.8876842224776,10.434926172353956,6.0820590839287325,1
multitask_lasso__hyperimpute,-0.1840959615839601,99.44212550453054,9.972067263337657,6.043261519548871,1
multitask_gp__mice_iterativeimputer,-0.1865136316259244,113.42012757434438,10.64988861793138,6.442161395755318,1
multitask_elasticnet__knn_based_method_matimputer,-0.1880515820124498,110.90148488271927,10.530977394464356,6.117075559608344,1
multitask_lasso__knn_based_method_matimputer,-0.1934064816724065,112.58960845749752,10.61082506016839,6.146473855385869,1
multioutput_gp__hyperimpute,-0.2313034762139049,104.1694410089086,10.206343175148904,6.587623062904884,1
multitask_gp__hyperimpute,-0.237596581420293,82.10564686512781,9.061216632722552,5.525094227978723,1
multioutput_svr__mice_iterativeimputer,-0.27619288927171,74.82727726071747,8.650276137830367,5.093353764417974,1
multioutput_svr__gtmcc,-0.3656836142421659,89.96292133353325,9.484878561875911,6.611112162260076,1
random_forest__gtmcc,-0.4037090835361958,204.9611877043894,14.316465614962004,8.078968696557412,1
multioutput_gp__mice_iterativeimputer,-0.4216408482947281,105.83468948902156,10.287598820376967,6.864760348059591,1
multioutput_svr__hyperimpute,-0.4355131045874226,68.33670162751972,8.266601576677063,5.475818552478305,1
multioutput_svr__softimpute,-0.4893251211130688,194.4654364455336,13.945086462461736,8.631032118397627,1
random_forest__knn插补,-0.5575330745460896,50.48884746912389,7.105550469113839,5.260376870330692,1
multitask_elasticnet__knn插补,-0.6039645034786186,113.79020803230932,10.667249318934536,6.477555701069062,1
ridge__knn插补,-0.6042124294353662,111.86237409574558,10.576501032749231,6.443896416841927,1
multitask_lasso__knn插补,-0.6042776309442224,115.42044335347552,10.743390682343984,6.506364094597053,1
multitask_gp__softimpute,-0.6986796145180784,256.6307009112963,16.01969727901549,9.533759799989362,1
gbdt__knn插补,-0.7048471282224091,52.41316998170006,7.23969405304534,5.553660680878953,1
multioutput_gp__gain,-0.7272088784428379,163.3879122635953,12.782328123765064,7.967168256518437,1
multitask_gp__knn插补,-0.7335187382419253,92.967794569118,9.641980842602727,5.840003957542553,1
multioutput_gp__softimpute,-0.7724233011987383,266.53067247968426,16.32576713296145,9.61320856811311,1
multioutput_svr__knn插补,-0.7740898928832926,76.67995314170344,8.756709036030799,5.650739466888925,1
ridge__softimpute,-1.2319632155245095,396.4906398123355,19.91207271512274,11.579021629020325,1
multitask_elasticnet__softimpute,-1.2349265190409602,397.3060627491057,19.932537789983133,11.592786314453086,1
multitask_lasso__softimpute,-1.2371708279847675,397.9443713107515,19.94854308742249,11.603240712336625,1
multitask_gp__gtmcc,-1.708128157071631,623.5387247894732,24.970757393188403,13.831227062968082,1
random_forest__miwae,-1.849092839265325,92.933985504894,9.640227461263246,7.303577751263974,1
gbdt__miwae,-1.9195438314177575,104.23890192931438,10.209745439006516,7.564795411622841,1
ridge__gtmcc,-2.1421795990392174,650.3677209922016,25.50230815028713,14.313668221100976,1
ridge__gain,-2.173792717190336,203.5611771617312,14.267486714965996,9.503741384499158,1
multitask_elasticnet__gain,-2.1795507206842597,205.36841692287965,14.330680965079072,9.5143620620511,1
multitask_lasso__gain,-2.184479518049609,206.9476194964961,14.385674106432973,9.523163490896366,1
gbdt__mida,-2.198356060379089,76.65876715961623,8.755499252447928,6.847468200344752,1
random_forest__gain,-2.2399163424468163,79.09908962465992,8.893766897364689,6.938882411971511,1
multitask_elasticnet__gtmcc,-2.4899289340423283,729.9489127385141,27.017566743482178,15.128510926360924,1
random_forest__mida,-2.50505101062104,84.1122997697342,9.171275798368196,7.750999446957632,1
multioutput_gp__mida,-2.555283970007601,156.45384949163898,12.508151321903608,8.944684262487819,1
multitask_gp__gain,-2.5817753413407987,184.5496217973624,13.584904188008188,9.316767393414894,1
gbdt__gain,-2.621845854627628,79.1278015860282,8.895380912924876,6.829614558180771,1
multitask_gp__mida,-2.643792996450734,170.80510916852356,13.069242868985317,9.615830827611704,1
multitask_gp__miwae,-2.6901218276817547,336.2471933360374,18.33704429116201,12.370222281319146,1
multioutput_svr__gain,-2.708060205720779,153.8611377853342,12.404077466113076,8.769828829917182,1
multioutput_svr__miwae,-2.7700714019122405,271.26563396542883,16.470143714170465,11.599115757350985,1
random_forest__低秩矩阵,-2.797055403417449,99.6521455527814,9.982592125935096,7.964921029472764,1
multioutput_svr__mida,-2.808528488103963,142.1857340612804,11.92416596921061,8.939936664967808,1
gbdt__低秩矩阵,-2.8357794244869354,131.68748641821315,11.47551682575618,8.804481593293737,1
ridge__mida,-3.0105816440712543,185.41013464889724,13.61653901139703,9.939842326987904,1
multitask_elasticnet__mida,-3.0161564196169843,186.8001741543511,13.66748602173608,9.956134682505516,1
multitask_lasso__mida,-3.020537698388157,187.9508500341315,13.70951676880449,9.969564834335769,1
multitask_lasso__gtmcc,-3.0909592605174567,864.923910667646,29.40958875380011,16.37747227140964,1
multioutput_gp__miwae,-3.373495314477717,419.97659724769466,20.49333055527321,13.90886929963481,1
multioutput_svr__低秩矩阵,-3.657241058499498,263.4007250510557,16.229624920220914,12.054081123865032,1
ridge__miwae,-3.685623640014637,702.1883197322959,26.4988361958086,16.798283178712765,1
multitask_elasticnet__miwae,-3.6876761962142552,703.8575970374781,26.53031468033273,16.81552904424468,1
multitask_lasso__miwae,-3.6893584261010335,705.1595796197505,26.554840982761515,16.82919748823404,1
multitask_gp__低秩矩阵,-3.770892405684532,379.1821761288329,19.47260065139818,13.514604660026594,1
multitask_lasso__低秩矩阵,-4.105744286136936,566.6951159053295,23.80535897451096,16.041877838434786,1
multitask_elasticnet__低秩矩阵,-4.106589973919218,566.3442571918765,23.797988511466183,16.038237068970467,1
ridge__低秩矩阵,-4.107839093056112,565.9191299107009,23.78905483432877,16.03369910479105,1
multioutput_gp__低秩矩阵,-4.433975678283477,440.9907382731385,20.99977948153596,14.872563253573553,1
multioutput_gp__gtmcc,-11.496138797262002,3198.8509018060863,56.558384893896026,27.697622009239133,1
